stateAbbreviation,state,licenseByReciprocity,proofOtherOrAllStateLicense,stateResidencyProof,passportSizePhoto,driversLicensePhotoCopy,nameChangeProof,socialSecurityCopy,Hours,MBLEX_or_NCBTMB,goodHealthClearance,BoardBackgroundCheckFee,stateApplyingBackgroundCheck,DOJ_backgroundCheck,applicationCost,licensingCost,licenseRenewalFee,CPR_certification,licensingETA,healthReferences,CEU,timeLicenseValidYears,liabilityInsurance,schoolTranscripts,MBLEX_transcript,LMT_AvgJobsListed_IndeedFirst5pages,LMT_HourlyAvgPayRangeAdvertised_Indeed,LMT_AnualAvgPayAdvertised_Indeed,Zillow_2BR_10cityAverageHomeValue,median2018IncomeByState,,percent_black,percent_white,percent_two_or_more,percent_Native_American,percent_Asian,percent_Pacific_Islander,percent_Latino,cashier_jobsListed,cashier_avgHourly,cashier_avgAnnualSalary,remote_jobsListed,remote_avgHourly,remote_avgAnnualSalary,personalTrainer_jobsListed,personalTrainer_avgHourly,personalTrainer_avgAnnualSalary,houseCleaner_jobsListed,houseCleaner_avgHourly,houseCleaner_avgAnnualSalary,warehouse_jobsListed,warehouse_avgHourly,warehouse_avgAnnualSalary,security_jobsListed,security_avgHourly,security_avgAnnualSalary,nanny_jobsListed,nanny_avgHourly,nanny_avgAnnualSalary,clerical_jobsListed,clerical_avgHourly,clerical_avgAnnualSalary,tutor_jobsListed,tutor_avgHourly,tutor_avgAnnualSalary,personal_assistant_jobsListed,personal_assistant_avgHourly,personal_assistant_avgAnualSalary,dataScientist_jobsListed,dataScientist_avgHourly,dataScientist_avgAnualSalary,nurses jobsListed,nurses avgHourly,nurses avgAnualSalary,personalAssistant jobsListed,personalAssistant avgHourly,personalAssistant avgAnualSalary,chiropractor jobsListed,chiropractor avgHourly,chiropractor avgAnualSalary,physicalTherapist jobsListed,physicalTherapist avgHourly,physicalTherapist avgAnualSalary,esthetician jobsListed,esthetician avgHourly,esthetician avgAnualSalary,medicalSpaEsthetician jobsListed,medicalSpaEsthetician avgHourly,medicalSpaEsthetician avgAnualSalary,medicalDoctor jobsListed,medicalDoctor avgHourly,medicalDoctor avgAnualSalary,yogaInstructor jobsListed,yogaInstructor avgHourly,yogaInstructor avgAnualSalary,pilatesInstructor jobsListed,pilatesInstructor avgHourly,pilatesInstructor avgAnualSalary,chiropractor_businessListings,wellness.clinic_businessListings,massage.spa_businessListings,yoga_businessListings,gym_businessListings,coffee_businessListings,health.food_businessListings,hair.salon_businessListings,tanning_businessListings,TwoBedroomApartment_Listings _10cities,Rent2BR2BA_MinPrice _10cities,Rent2BR2BA_MaxPrice _10cities,Rent2BR2BA_AvgPrice _10cities
AL,Alabama,No,NA,NA,NA,NA,NA,NA,"650; total, accepts CEUs and out of state to make difference, see notes2,  100 hours of anatomy and physiology consisting of 35 hours of myology, 15 hours of osteology, 10 hours of circulatory system, 10 hours of nervous system, and 30 hours of other body systems at the discretion of the school; (ii) 40 hours of pathology; (iii) 250 hours of basic massage therapy, contradistinctions of massage therapy, contraindications to massage therapy, and related touch modalities, to include a minimum of 50 hours of supervised massage; (iv) 50 hours of miscellaneous required courses including business, hydrotherapy, first aid, cardiopulmonary resuscitation, and professional ethics; (v) 210 hours of electives to be determined by the school

 
",yes,NA,yes,45,yes,25,100,NA,NA,NA,NA,NA,NA,yes,yes,yes,129,31.5,45000,104537.0984,49861,4887871,26.7,67.7,2.1,0.5,1.3,0,4.3,706,10.03877479,20880.65156,755,69.73708609,145053.1391,255,12.47368421,25945.26316,281,11.61653386,24162.39044,754,14.30560345,29755.65517,713,11.26542777,23432.08976,329,14.55471125,30273.79939,733,15.38052524,31991.4925,582,18.12121134,37692.11959,444,21.49227019,44703.92199,561,56.13591929,116762.7121,764,27.8957788,78926.73491,444,16.31531532,44703.92199,159,62.68907563,130393.2773,653,50.19343066,104402.3358,195,15.84514286,32957.89714,516,18.0845751,37615.91621,705,71.7751773,175025.566,50,46.42857143,96571.42857,80,57.14285714,118857.1429,1093,266,1233,776,1035,848,959,1518,357,435,1051.296471,1421.660436,1185.278824
AK,Alaska,No,NA,NA,NA,NA,NA,NA," 500; hours are required on or before June 30, 2019
625 hours are required on or after July 1, 2019 anatomy & physiology & pathology & kinesiology 500/130, 625/162; massage theory & practical application 500/220, 625/275; clinical practice 500/110, 625/138; ethics & law 500/40, 625/50",yes,NA,yes,yes,yes,200,290,NA,NA,12 weeks,NA,17,NA,NA,yes,yes,80,54.140625,NA,244501.6667,74346,737438,3.4,64.4,8.4,15.1,6.3,1.1,7.2,353,12.35084034,25689.7479,752,58.06183511,120768.617,150,NA,NA,45,12,24960,608,16.58634868,34499.60526,529,16.37432692,34058.6,260,15.35576923,31940,667,18.26706897,37995.50345,560,18.09285714,37633.14286,211,44.88701923,93365,373,56.4389494,117393.0147,755,59.01057616,110369.653,211,16.88151659,93365,74,15,31200,338,53.92255892,112158.9226,75,NA,NA,623,29.05739234,60439.37608,706,93.80985836,233076.1346,NA,NA,NA,NA,NA,NA,948,231,1113,466,568,1049,616,1244,281,70,1590.9375,1671.875,1616.132813
AZ,Arizona,"Yes; 2. License by reciprocity based on out-of-state license (A.R.S. ?? 32-4222(link is external) & 32-4223(link is external) and A.A.C. R4-15-203(link is external))
The applicant is seeking licensure based on having been licensed in another state or United States territory for at least two of the last five years immediately preceding the application.
3. License by reciprocity based on NCBTMB certification (A.R.S. ?? 32-4222(link is external) & 32-4223(link is external) and A.A.C. R4-15-203(link is external))
The applicant is seeking licensure based on holding a current certification from the National Certification Board for Therapeutic Massage and Bodywork and has graduated from a massage school with a minimum of 500 hours.
4. License by universal acceptance (A.R.S. ? 32-4302(link is external))
The applicant is seeking licensure based on holding a license in another state or United States territory for one year and is active at the time of application, and the applicant has established residency in the State of Arizona.",yes,yes,yes,NA,NA,NA,700;,yes,NA,22,yes,no,195,0,NA,NA,NA,NA,24/2 years,2,NA,yes,yes,682,45.88123167,68848.05718,240336.2891,59246,7171646,4.7,78,4,4.6,3.3,0.2,31.6,749,13.86148198,28831.88251,751,70.79627164,147256.245,651,29.59447005,61556.4977,659,18.9908953,39501.06222,762,17.3933727,36178.21522,760,18.00931579,37459.37684,723,17.69363762,36802.76625,755,17.6281457,36666.54305,733,28.86698499,60043.32879,703,22.75532676,47331.07966,673,54.04736791,112418.5253,770,52.37061039,103473.9084,703,24.28093883,47331.07966,679,56.55489614,117634.184,708,40.14511299,83501.83503,694,35.66570605,74184.66859,723,20.37897649,42388.27109,761,76.55716163,134590.6767,632,56.5,117520,626,56.16747182,116828.3414,1574,1399,1520,1500,1505,1507,1531,1543,1336,792,1335.031969,2037.093704,1631.620205
AR,Arkansas,No,yes,NA,NA,yes,NA,yes,"500; 175 hours of education in anatomy, physiology, pathology, and contraindications and 225 hours of education in massage therapy technique. Additionally, a student must have 25 hours in each of the following: Hygiene and infection control
Hydrotherapy, heliotherapy, and electrotherapy
Law, professional ethics, and business management, as they relate to massage therapy practice
The remaining 25 hours are to be in other related subjects as approved by the Board.","yes, and state exam",NA,yes,25,yes,75,80,NA,NA,NA,NA,18/2,2; 18 CE hours every 2 years for license renewal.,NA,NA,"yes, and state exam",256,24.93650794,51036,114929.7647,47062,3013825,15.2,76.5,2.9,0.7,1.6,0.3,7.6,649,10.63848228,22128.04314,757,66.60501982,138538.4412,205,26,54080,195,12.66666667,26346.66667,735,14.13953741,29410.23782,668,12.4629491,25922.93413,350,12.60289855,26214.02899,749,13.70894526,28514.60614,420,18.65714286,38806.85714,312,17.49033367,36379.89404,377,50.77958835,105621.5438,754,29.35179045,94942.33621,312,12.07692308,36379.89404,169,56.79824561,118140.3509,627,47.18315018,98140.95238,255,13.26960784,27600.78431,274,18.10743802,37663.47107,670,71.72878358,198901.5063,82,44.71774194,93012.90323,25,62.5,130000,1086,287,1038,629,884,749,788,1444,336,253,940.6516393,1343.579545,1075.180328
CA,California,No,NA,NA,yes,yes,NA,NA,500; at least 100 anatomy & physiology,no,NA,no,yes,yes,200,0,NA,NA,8 weeks,no,no,2,no,yes,no,622,45.71517241,59737.54589,669171.5933,75277,39557045,5.8,59.5,5.1,0.8,14.7,0.4,39.3,734,14.65367847,30479.65123,753,67.38977424,140170.7304,611,45.51258389,94666.1745,620,19.67903226,40932.3871,760,19.26575658,40072.77368,747,23.58450469,49055.76975,659,26.99544765,56150.53111,746,23.81823056,49541.91957,701,34.96435806,72725.86476,660,40.10377903,83415.86037,643,75.09697557,156201.7092,762,64.29232283,103232.3648,660,26.901,83415.86037,597,60.85008666,126568.1802,740,64.41554054,133984.3243,572,50.89039855,105852.029,180,17,35360,750,99.606,203365.1733,570,69.24859649,144037.0807,598,70.79065744,147244.5675,1560,1221,1518,1441,1502,1500,1534,1517,1120,774,2830.458115,4167.004769,3389.394634
CO,Colorado,Yes; by endorsement-400 hours in practice written by employer per year for last two years and 24 hours CEU for each year of the last two years,yes,NA,NA,yes,yes,yes,500;,yes,NA,yes,yes,yes,NA,200,NA,NA,12 weeks,NA,24,"2, expires the last day Dec. 31 within 2 years of issue",yes,yes,yes,688,39.08539244,65464.30921,327365.4286,71953,5695564,4.2,84.1,4,1,3.2,0.1,21.7,739,14.72428958,30626.52233,749,70.16021362,145933.2443,530,32.86104762,68350.97905,621,23.1815781,48217.68245,758,17.6271438,36664.4591,746,18.73992627,38979.04665,680,19.48529412,40529.41176,749,17.99699599,37433.75167,696,27.24640805,56672.52874,636,22.0757992,45917.66234,696,56.57296122,117671.7593,761,50.76773982,81529.29304,636,18.35314465,45917.66234,552,60.86162362,126592.1771,702,50.96438746,106005.9259,550,42.05688073,87478.31193,563,27.49585987,57191.38854,735,80.63163265,158440.6122,542,56.34515683,117197.9262,455,57.38626374,119363.4286,1495,1184,1461,1368,1399,1379,1396,1544,1158,576,1724.127208,2740.604331,2171.79947
CT,Connecticut,"Yes; by endorsement, verification of each state license ever held, MBLEX score, proof of practice at least 1 year",yes,NA,NA,NA,NA,NA,750; in class instruction only and 60 hours unpaid and supervised internship,yes,NA,yes,yes,yes,379.75,NA,255,NA,NA,NA,"24/4 years, min. 6 online, and NCBTMB approved for all","2, expires the next birth month following issue",yes,yes,yes,718,40.31824513,50623.25905,212252.4048,76348,3572665,11,75.2,3.4,0.3,4.6,0,16.5,677,12.72023634,26458.09158,753,71.23505976,148168.9243,655,39.80305344,82790.35115,635,14.21751969,29572.44094,767,22.71349413,47244.0678,752,14.59973404,30367.44681,681,18.45227606,38380.73421,750,22.1,45968,712,42.17837079,87731.01124,665,27.69371891,57602.93534,685,55.66474768,115782.6752,768,42.47005208,86685.22656,665,18.95827068,57602.93534,269,44.37554585,92301.13537,717,52.9679219,110173.2775,584,28.44691781,59169.58904,90,27.5,57200,763,83.76802097,165658.8292,421,45.99643705,95672.58907,293,56.82733813,118200.8633,1537,1003,1511,1503,1501,1501,1520,1515,930,170,2081.411043,3078.220339,2393.355828
DE,Delaware,No,yes,NA,NA,NA,NA,yes,"500; 100 hours of anatomy and physiology
300 hours of technique and theory of massage or bodywork therapy
75 hours of elective courses in the field of massage therapy
25 hours of ethics, law and contraindications.",yes,NA,yes,yes,yes,NA,159,NA,1,NA,NA,"24/2 years, 3 hours in Ethics, which may be taken in a classroom or online
9 hours of Core credits ? which must be taken in a classroom hands-on setting
12 hours of Elective or Core credits which may be taken online",1-2 years; On 8/31 of even years,NA,yes,yes,656,34.93902439,50000,215976.0588,64805,967171,22.5,68.2,2.7,0.5,4,0.1,9.5,704,11.30007102,23504.14773,750,59.71933333,124216.2133,528,23.37475149,48619.4831,708,14.48692733,30132.80885,761,17.3239159,36033.74507,743,17.11843876,35606.35262,638,18.71159875,38920.12539,735,17.8622449,37153.46939,706,23.81915722,49543.84703,549,19.56713605,40699.64299,571,54.16835343,112670.1751,765,35.9869281,142818.4314,549,16.81785064,40699.64299,282,77.85714286,161942.8571,701,38.63438257,80359.51574,435,46.3915493,96494.42254,140,20.93648936,43547.89787,744,85.52990591,99851.05712,130,60.625,126100,120,62.5,130000,1187,478,1233,1058,1164,1050,1130,1461,596,323,1790.031646,3006.62585,2343.943038
FL,Florida,No,yes,NA,NA,NA,NA,NA,500; + 10 hours of Florida Law in class,yes,yes,yes,yes,yes,50,105,105,NA,NA,NA,"1/1 year to 24/2years. Must have 2 med. Errors + 1-12 per month active in year on first renewal, next renewal is 1/month up to 24 of 12 relevant to massage, 1 human trafficking, 2 laws, 2 ethics, 2 med. Errors, and 6 general for massage practice",1-2 years; On 8/31 of odd years,NA,yes,yes,636,58.7177673,43786.8351,215245.2342,55462,21299325,16,74.6,2.9,0.3,2.8,0.1,26.1,712,11.10978933,23108.3618,754,68.99270557,143504.8276,643,33.60575428,69899.9689,623,16.9355939,35226.03531,755,15.8205298,32906.70199,729,15.05527435,31314.97064,610,18.61393443,38716.98361,743,18.09526245,37638.1459,729,28.73216735,59762.90809,610,22.01468175,45790.53803,529,61.28188754,127466.3261,760,49.35391447,84524.58224,610,17.34098361,45790.53803,660,43.95039063,91416.8125,719,54.02086995,112363.4095,648,32.56905864,67743.64198,362,16.08974359,33466.66667,747,102.892905,203854.01,460,57.361875,119312.7,350,57.13888889,118848.8889,1533,1049,1516,1389,1465,1482,1480,1516,892,789,1579.817715,2210.443598,1832.849807
GA,Georgia,No,yes,NA,NA,NA,NA,NA,"500; Anatomy, physiology, and kinesiology 125, Theory, technique, and practice 200, pathology 40, ethics 6, business management 4, other topics such as benefits and contraindications, client data collection and documentation, therapeutic relationships, and universal precautions 125.",yes,NA,yes,yes,yes,125,NA,NA,NA,NA,NA,NA,NA,NA,yes,yes,389,45.18114973,44347.2983,192060.4898,58756,10519475,31.6,58.3,2.7,0.3,4.1,0.1,9.7,655,11.30305344,23510.35115,754,53.22612732,110710.3448,388,32.33891753,67264.94845,482,19.98834746,41575.76271,679,15.72091311,32699.49926,648,14.98976783,31178.71708,503,15.92942346,33133.2008,656,15.9605564,33197.95732,610,28.02028689,58282.19672,418,29.64845374,61668.78378,464,55.1580332,114728.7091,682,44.90340909,64274.64296,418,15.13367225,61668.78378,358,57.63590604,119882.6846,600,51.004,106088.32,330,34.38125,71513,470,17.8423913,37112.17391,634,92.60403785,219496.5444,345,51.69140625,107518.125,307,56,116480,1183,891,1270,1084,1194,1129,1165,1403,796,598,1457.578947,2433.640596,1892.410017
HI,Hawaii,No,NA,NA,NA,NA,NA,NA,"570; 50 anatomy/physiology/kinesiology, 100 massage theory and procedures, 420 as an apprentice or in a school with 310 intern hours and a split of sanitation, record keeping, office procedures, and advanced techniques",NA,NA,yes,yes,yes,50,NA,NA,1,NA,NA,NA,NA,NA,yes,NA,198,32.5,46823.5,574836.5625,80212,1420491,2,24.3,24.3,0.2,37.6,10.2,10.7,585,12.24171171,25462.76036,754,53.61604775,111521.3793,125,NA,NA,115,15,31200,742,21.5133558,44747.78005,730,15.17979452,31573.9726,405,12.49375,25987,730,17.24836301,35876.59507,633,22.77014218,47361.89573,628,22.83653846,47500,648,50.03019943,104062.8148,743,35.94128533,72633.56191,628,16.29936306,47500,609,56.25,117000,657,36.65,76232,242,18,37440,761,21.63534823,45001.52431,666,83.29279279,186283.3544,120,62.5,130000,114,62.5,130000,1369,342,1454,1321,1315,1420,1380,1501,203,86,2587.075949,4436,2625.240506
ID,Idaho,"Yes;  by endorsement, $125 instead of $115, proof of state licensed and similar state requirements",yes,NA,NA,NA,NA,NA,"500; 200 massage practice of assessment and application, 125 anatomy/physiology/kinesiology, 40 pathology, 20 business/ethics, 110 clinical applications","yes, if new applicant and not being endorsed out of state",NA,yes,yes,yes,115,NA,NA,NA,12 weeks,NA,"6 anually, 1 in ethics","1, expires anually on applicant's birthday",NA,yes,yes,266,32.41762452,30000,238004.3333,55583,1754208,0.7,89.9,3,1.3,1.5,0.2,12.7,652,11.11790644,23125.2454,763,49.72804718,103434.3381,145,22.5,46800,423,13.08333333,27213.33333,737,14.19179783,29518.93948,586,19.15499076,39842.38078,401,13.83915212,28785.43641,740,14.61993243,30409.45946,566,18.09375,37635,458,21.63461538,45000,489,55.97035846,116418.3456,763,40.45412189,84110.46003,458,15.23580786,45000,198,47.64864865,99109.18919,597,48.03359173,99909.8708,196,37.16666667,77306.66667,332,12.29854369,25580.97087,709,92.96879408,221149.2885,70,57.5,119600,60,57.5,119600,1132,334,1153,683,779,980,807,1392,375,89,1301.111111,1528.092308,1397.648148
IL,Illinois,Yes; by endorsement ,yes,NA,NA,NA,NA,NA,600;,yes,NA,yes,yes,yes,NA,175,NA,NA,NA,NA,NA,NA,NA,yes,yes,515,29.27936893,55024.43913,202689.3299,65030,12741080,14.1,71.7,2.7,0.3,5.6,0,17.3,709,12.49841326,25996.69958,752,57.6143617,119837.8723,507,38.45248869,79981.17647,472,17.09734513,35562.47788,765,20.75347712,43167.23242,723,15.5387621,32320.62517,547,21.47486289,44667.71481,713,16.09677419,33481.29032,688,25.56359012,53172.26744,547,27.90832802,58049.32229,497,53.03546616,110313.7696,758,35.67826517,73571.73859,547,16.95612431,58049.32229,431,50.56418011,105173.4946,650,55.45948617,115355.7312,472,28.14317673,58537.80761,422,18.81377551,39132.65306,751,76.0665779,133902.7177,431,36.12718204,75144.53865,445,31.17195122,64837.65854,1458,997,1443,1085,1257,1266,1161,1516,893,263,2027.390625,3171.60262,2508.037109
IN,Indiana,No,yes,NA,yes,yes,yes,NA,625; 500 before 7/1/2019,yes; and state exam,NA,yes,yes,yes,100,NA,NA,NA,NA,NA,NA,NA,yes,yes,yes,456,36.69730942,60995.45131,125366.6875,55746,6691878,9.5,82.8,2.7,0.2,2.3,0.1,7.1,705,10.72223404,22302.24681,755,78.87417219,164058.2781,411,29.53452685,61431.81586,416,16.52431421,34370.57357,765,16.50686275,34334.27451,706,16.0078966,33296.42493,477,17.06498952,35495.1782,747,14.65313922,30478.52959,632,25.99018429,54059.58333,453,27.53369454,57270.08464,553,55.60987577,115668.5416,757,35.66925363,72763.32563,453,14.42941501,57270.08464,385,58.63958333,121970.3333,615,43.45238289,90380.95642,425,32.1554878,66883.41463,425,20.17857143,41971.42857,746,72.43364611,216455.6072,367,53.27209945,110805.9669,328,58.58490566,121856.6038,1257,657,1289,999,1158,1192,1141,1514,662,311,1128.531561,1570,1307.506645
IA,Iowa,No,yes,NA,NA,NA,NA,NA,600;,yes,NA,yes,yes,yes,120,NA,NA,NA,NA,NA,NA,NA,NA,yes,yes,331,32.86946903,43864.76868,129324.619,55955,3156145,3.6,90.2,2.2,0.4,2.5,0.1,6.1,687,11.19068413,23276.623,749,39.08077437,81288.01068,275,24.90625,51805,384,12.63852243,26288.12665,759,17.80235178,37028.8917,688,15.10451835,31417.39817,435,14.02873563,29179.77011,684,16.08259503,33451.79766,575,15.875,33020,300,30.08710102,62581.17012,541,48.93447142,101783.7006,771,35.60503891,89151.37808,300,15.46333333,62581.17012,83,62.5,130000,569,35.035,72872.8,110,18,37440,346,21.0428903,43769.21181,751,76.1692743,184977.48,120,60.10869565,125026.087,94,57.59361702,119794.7234,1352,301,1228,967,981,980,956,1479,514,208,1119.929293,1410.223776,1218.290404
KS,Kansas,No,yes,NA,NA,yes,yes,NA,500;,yes; state written exam required and MBLEX,NA,yes,yes,yes,NA,75,75,NA,NA,NA,no,2,NA,yes,yes,418,35.99880383,45874.4431,152226.6338,58218,2911510,5.9,84,3.7,0.9,2.8,0.1,12,728,11.18835852,23271.78571,751,35.92010652,74713.82157,488,30.67571721,63805.4918,501,14.3248503,29795.68862,747,16.44728916,34210.36145,679,16.17375552,33641.41149,485,15.4443299,32124.20619,722,17.01501385,35391.22881,627,19.94606947,41487.8245,449,22.9974258,47834.64567,515,53.84153045,111990.3833,777,29.81754826,86786.61895,449,18.20915367,47834.64567,231,55.46188341,115360.7175,658,46.5034965,96727.27273,435,23.99025974,49899.74026,351,22.74172185,47302.78146,745,79.28624161,168056.5436,391,60.92125984,126716.2205,171,62.08609272,129139.0728,1248,558,1207,977,1039,1044,1069,1427,808,461,1126.944568,1489.99458,1267.111973
KY,Kentucky,No,yes,NA,yes,NA,NA,NA,"600; 125 anatomy/physiology, 200 massage/bodywork theory & technique, 200 business of massage therapy, 40 pathology, 35 at school discretion /electives",yes,NA,yes,yes,yes,125,NA,NA,NA,NA,NA,NA,NA,NA,yes,yes,423,29.48803828,45515.69264,193124.3167,50247,4468402,7.9,86.7,2.4,0.2,1.5,0.1,3.6,715,9.897447552,20586.69091,754,57.44363395,119482.7586,340,29.375,61100,477,13.99225664,29103.89381,768,15.96332682,33203.71979,717,17.86740586,37164.20418,557,16.13150808,33553.5368,741,14.69936572,30574.6807,602,19.18785047,39910.72897,549,29.16987552,60673.34108,357,51.20689372,106510.3389,761,38.17107753,78304.45748,549,13.42714026,60673.34108,340,29.19581818,60727.30182,657,44.87404871,93338.02131,310,69.28571429,144114.2857,304,13.94251825,29000.43796,702,73.22685185,190013.0278,125,40.42857143,84091.42857,225,34.640625,72052.5,1075,276,1101,943,1012,915,940,1423,567,257,1116.116466,1606.827751,1306.504016
LA,Louisiana,"Yes; by endorsements; (see notes1 for item numbers)  If you have a current massage therapy license from another state which has been active for more than one year, you may be eligible for a Louisiana license through reciprocity. If seeking licensure in Louisiana through reciprocity, the education requirements of item 4 and National Exam requirements of Item 5 above are modified. Compliance with items 1, 2, 3 and 6 are required and in addition the following information must be provided:
A completed license verification from each state in which you have been issued a license. The applicant should contact each state board office to request the verification(s) of current or prior licensure be sent directly to LBMT, 2645 O'Neal Lane, bldg. C, Ste. E, Baton Rouge, LA  70816.
Documentation of passing a National Exam and/or MBLEx must be provided directly from the testing agency. Details relating to the exam (item #8, page 4), must be completed.
Official, original and certified transcript showing compliance with the educational requirements of the licensing state.",yes,NA,yes,NA,NA,NA,"500; 325 massage/bodywork theory and application, 125 anatomy/physiology, 50 electives/school expectations on ethics/business/CPR/discretionary course work",yes,NA,yes,yes,yes,NA,NA,NA,NA,NA,NA,NA,NA,NA,yes,yes,281,39.38679245,40964.28571,141609.8615,47905,4659978,32.4,61.7,2.3,0.6,1.6,0,5.1,715,10.24048913,21300.21739,757,80.56274769,167570.5152,185,15.93548387,33145.80645,159,11.48,23878.4,733,14.2861528,29715.19782,722,13.53997682,28163.15178,341,17.69910714,36814.14286,716,14.34078212,29828.82682,525,19.51978022,40601.14286,383,40.72497578,84707.94963,365,56.08093915,116648.3534,772,35.44831606,103941.7257,383,14.22454308,84707.94963,129,62.5,130000,544,55,114400,303,16.47119342,34260.0823,326,20.49836601,42636.60131,717,87.91440028,204765.3835,60,58,120640,45,50,104000,1149,346,1254,989,1096,950,1010,1516,528,394,1118.067532,1450.461806,1239.722078
ME,Maine,No,yes,NA,NA,NA,NA,NA,"500; 120 anatomy/physiology/pathology, 100 clinical, and others in massage theory/practice, business, ethics, contraindications, etc.",yes,NA,yes,yes,yes,61,NA,NA,1,NA,NA,NA,NA,NA,yes,yes,190,28.52702703,38500,301941.2667,55602,1338404,1.4,94.3,2.2,0.6,1.2,0,1.7,730,13.65958904,28411.94521,751,82.97936085,172597.0706,125,30,62400,604,15.55622837,32356.95502,774,16.99151163,35342.34419,668,15.50224551,32244.67066,516,16.40891473,34130.54264,709,17.56770099,36540.81805,632,19.83702532,41261.01266,353,NA,NA,373,56.23067514,116959.8043,770,36.91611688,61123.54974,353,15.2868272,NA,93,62.5,130000,662,40,83200,175,NA,NA,191,16.5394086,34401.96989,685,87.82794891,254010.4635,85,52.1875,108550,40,62.5,130000,986,251,1206,712,950,1009,1046,1468,562,27,2033.12,2323.888889,2098.16
MD,Maryland,No,yes,yes,yes,yes,yes,yes,600;,yes,NA,yes,yes,yes,300,NA,NA,1,NA,NA,NA,NA,NA,yes,yes,722,45.60249307,60833.56074,207428.6596,83242,6042718,30,54.7,3.7,0.2,6.3,0.1,10.4,717,13.07357043,27193.0265,759,75.15480896,156322.0026,659,35.0538695,72912.04856,712,16.0804073,33447.24719,758,18.87771768,39265.65277,759,18.58860343,38664.29513,729,22.0521262,45868.4225,753,20.2636255,42148.34104,746,40.99135389,85262.01609,740,36.43441496,75783.58311,757,52.54260524,109288.6189,761,44.32917871,85592.10972,740,23.23231081,75783.58311,663,68.11481191,141678.8088,745,71.06306306,147811.1712,687,38.12008734,79289.78166,610,17.41581633,36224.89796,765,78.23562092,138679.1935,655,55.32671756,115079.5725,542,56.66570881,117864.6743,1462,1381,1474,1436,1458,1439,1470,1509,1753,376,1808.757493,2640.48318,2178.463215
MA,Massachusetts,No,yes,NA,yes,NA,NA,NA,"550; 100 anatomy, 45 kinesiology, 45 pathology, 300 massage theory/practice, 60 ethics/professionalism, 100 intern/hands on training",NA,NA,yes,yes,yes,225,NA,NA,NA,6 weeks,1,NA,NA,yes,yes,NA,694,36.84005764,47407.98558,537437.7534,79835,6902149,7.8,77.3,3.4,0.2,6.8,0,12.3,727,14.01292985,29146.89409,751,64.10519308,133338.8016,678,33.32079646,69307.25664,633,19.63349131,40837.66193,753,22.42430279,46642.5498,742,24.01987871,49961.34771,714,27.09593838,56359.55182,763,20.82773263,43321.68388,713,44.16041374,91853.66059,697,26.54317482,55209.80363,630,61.60825626,128145.173,764,48.61562827,102946.7304,697,22.66337877,55209.80363,511,61.06927711,127024.0964,733,60.87602319,126622.1282,596,29.47147651,61300.67114,230,19.36363636,40276.36364,762,86.35564304,107849.0466,502,58.75910064,122218.9293,526,60.3493014,125526.5469,1542,1113,1520,1476,1500,1500,1521,1522,1598,237,3174.582609,5053.408046,3896.097826
MI,Michigan,No,NA,NA,NA,NA,NA,NA,"500; 200 massage practice/theory, 125 body systems/anatomy/kinesiology, 40 pathology, 6 ethics, 4 business, 40 intern",yes,NA,yes,yes,yes,95,NA,NA,NA,NA,NA,NA,NA,NA,yes,yes,682,35.05498534,49780.88962,107764.5833,56697,9995915,13.8,78.3,2.9,0.5,3.3,0,5.2,742,13.7138814,28524.87332,750,70.6,146848,558,27.08724203,56341.46341,551,19.12658802,39783.30309,758,22.53001319,46862.42744,752,15.17009309,31553.79362,768,17.52278646,36447.39583,752,16.57894282,34484.20106,718,34.65006964,72072.14485,639,28.17395679,58601.83012,660,55.70147327,115859.0644,762,50.85103675,87299.15289,639,15.60406886,58601.83012,294,49.52768166,103017.5779,721,53.56481481,111414.8148,529,32.06616257,66697.61815,380,16.31506849,33935.34247,754,88.21352785,158076.878,300,61.47457627,127867.1186,275,60.8490566,126566.0377,1601,1063,1515,1426,1499,1458,1433,1513,1130,266,1694.351563,1996.595122,1903.541016
MN,Minnesota,NA,NA,NA,NA,NA,NA,NA,NA,NA,NA,yes,yes,yes,NA,NA,NA,NA,NA,NA,NA,NA,NA,NA,NA,600,38.40416667,53764.22034,252568.0408,70315,5611179,6.6,82.5,3.1,1.1,4.9,0,5.5,737,13.23778833,27534.59973,763,60.98558322,126850.0131,572,40.95551601,85187.47331,602,15.64155405,32534.43243,760,18.89292763,39297.28947,755,20.24353642,42106.55576,632,22.95886076,47754.43038,747,20.07861446,41763.51807,758,25.23279649,52484.21669,586,26.24851422,54596.90958,691,30.36285762,63154.74385,784,36.18491709,79950.42028,586,35.43460751,54596.90958,538,57.5,119600,648,40.99189189,85263.13514,589,21.55799649,44840.63269,603,23.65694683,49206.4494,767,77.37353325,194722.6904,536,57.19020716,118955.6309,532,59.75047438,124280.9867,1542,1262,1415,1257,1302,1343,1328,1531,1165,242,1879.313559,2894.492683,2307.525424
MS,Mississippi,"Yes; by endorsement; An out-of-state massage therapist can be licensed by reciprocity with as few as 500 in-class hours of academic instruction, provided he or she has the requisite qualifications, including experience. Reciprocity candidates must have three years of experience; this requirement is the same whether the massage therapist comes from a regulated or unregulated state.
",yes,NA,yes,NA,NA,NA,"700; 600 academic, 100 clinic, The instructional hours are to be distributed as follows: Study of the human body is to comprise at least 200 hours. There must be at least 20 hours devoted to each of the following: anatomy, physiology, neurology, myology/ kinesiology, and pathology; pathology coursework is to include medical terminology. The other 100 hours of body systems study may be distributed among the required content areas in any manner. Massage therapy theory and practicum are together to comprise at least 200 hours. At least 100 of these hours are to consist of demonstration and supervised practice; demonstration and practice is to include client evaluation, draping, and range-of-motion as well as specific massage techniques identified by the Board, for example, kneading, stroking, percussion, vibration, and use of hand-held tools. At least 20 combined hours are to cover massage therapy history, indications, contraindications and benefits. Also included in this content area are 10 hours of study in legality and ethics; this is to include Mississippi massage therapy law. Allied modalities are to comprise at least 200 hours. The following content must be included: Eastern, Western, and European methods: 7 hours
Hydrotherapy and infrared heat: 25 hours
Healthcare referral: 20 hours
Charting and documentation: 10 hours
Cardiopulmonary resuscitation and first aid: 8 hours
The remaining hours may consist of additional coursework in the five content areas above or other massage therapy and wellness topics, for example, special populations, trigger points, safety, and communication.",yes,NA,yes,yes,yes,50,200,NA,1,NA,NA,NA,NA,NA,yes,yes,180,31.47058824,48750,81255.42308,51049,2986530,38,58.1,1.5,0.4,0.9,0,2.9,668,10.13061377,21071.67665,752,68.54920213,142582.3404,250,18.36363636,38196.36364,233,14.08715596,29301.2844,719,14.55052156,30265.08484,653,12.01196784,24984.89311,277,14.46750903,30092.41877,626,13.17557566,27405.19737,505,17.04876238,35461.42574,341,24.51923077,51000,404,56.44200405,117399.3684,755,39.16754967,80484.01544,341,11.58211144,51000,93,62.5,130000,539,32,66560,263,18.41784038,38309.10798,320,15.66901408,32591.5493,684,87.33826754,186653.9231,75,18.21428571,37885.71429,45,34.16666667,71066.66667,835,361,892,759,872,780,856,1403,301,161,926.4935897,1119.099099,988.3012821
MO,Missouri,No,yes,NA,yes,yes,NA,NA,"500; 300 hours are to be devoted to the theory and practice of massage therapy. At least 100 hours are to be in anatomy and physiology. The curriculum must also include 50 hours in the combined areas of business practice, hygiene, ethics, and Missouri massage law. Another 50 hours are to cover ancillary therapies; CPR training is included in this content strand.",yes,NA,yes,yes,yes,125,NA,NA,NA,NA,NA,NA,NA,yes,yes,yes,569,29.44903339,41196.49342,143279.2182,54478,6126452,11.5,82.2,2.8,0.5,2,0.1,4.1,748,11.91036096,24773.5508,753,76.55046481,159224.9668,528,46.08795411,95862.94455,619,15.41155089,32056.02585,755,15.5182053,32277.86702,746,15.55077078,32345.60322,582,16.16838488,33630.24055,741,17.13360324,35637.89474,619,20.22097054,42059.61872,555,22.78576774,47394.39691,553,50.51118201,105063.2586,774,32.47593669,75359.85142,555,18.6551982,47394.39691,470,45.8372093,95341.39535,689,49.25406091,102448.4467,602,25.57306338,53191.97183,396,24.37828947,50706.84211,736,59.76746603,118715.339,295,58.1779661,121010.1695,141,61.42241379,127758.6207,1417,698,1390,1218,1276,1271,1280,1503,1064,359,1288.937322,1940.556364,1523.022792
MT,Montana,"Yes; by endoresement; Out-of-state massage therapists can be licensed by credential if it is determined that they hold an equivalent license.
The licensing agency reports that the following states have been reviewed and found eligible for license by credential: Florida, Georgia, Idaho, Kentucky, Nebraska, New Hampshire, New York, New Mexico, North Dakota, Ohio, South Dakota, Utah, and Washington (bsd.dli.mt.gov/license / lmt board). Additional states may be added to the list following review.

Out-of-state licensees will find a “license by credential” application on the Board website (bsd.dli.mt.gov/license / bsd_boards). They should be prepared to provide a copy of the statutes and rules that govern licensure in the other state.

The out-of-state license must be in good standing. A license verification form is included in the application packet. The massage therapist will fill out the top portion and send it to the state of licensure.

Applicants for license by credential will need to provide two character references as well as documentation of age and documentation of high school completion (or equivalency).

If the other state’s statutes and rules to do not establish equivalency, the licensing agency may request additional information from the applicant.",yes,NA,NA,NA,NA,NA,"500; 125 hours of instruction in body systems (anatomy, physiology, kinesiology); 200 hours of instruction in massage and bodywork theory, application, and assessment; 40 hours in pathology; ten hours in ethics and business (with no fewer than six hours in ethics).",yes,NA,yes,yes,yes,140,NA,NA,NA,NA,NA,NA,NA,NA,yes,yes,30,30.3,NA,240545.8696,55328,1062305,0.5,88.6,3.1,6.4,0.8,0.1,3.9,527,11.07851563,23043.3125,750,58.10066667,120849.3867,75,14,29120,65,13.88461538,28880,632,15.59150718,32430.33493,487,17.15248447,35677.1677,155,17.12903226,35628.3871,578,15.21420415,31645.54464,336,15.62696429,32504.08571,192,20.19433682,42004.22059,318,54.90710949,114206.7877,748,54.27756016,99395.12257,192,15.06614583,42004.22059,60,37.5,78000,277,38.60621827,80300.93401,21,NA,NA,577,20.29558566,42214.81818,675,72.62711852,119132.3917,25,62.5,130000,25,62.5,130000,662,253,845,253,369,569,341,1057,124,32,1389.518519,1867.466667,1503.5
NE,Nebraska,"Yes; by endorsement; Massage therapists who hold licensing in other states are required to demonstrate a total of 1,000 hours of education and training but are allowed more leeway in how they meet the requirement. Educational hours do not have to be distributed in the manner usually required by the licensing agency (sos.ne.gov Rules Health and Human Services System pdf). The massage therapist can credit work experience toward education/ training requirements at a rate of 100 hours per year of full-time experience. The licensing agency will credit as many as 100 hours of education for continuing education pursued through organizations approved by the FSMTB or the NCBTMB. A semester credit of related college coursework can be credited as 15 hours.
An out-of-state massage therapist who does not yet meet Nebraska licensing requirements may be issued a temporary license that authorizes work under supervision.",yes,NA,NA,yes,yes,yes,"1000; The massage therapy student will need 100 hours in each of the following areas:
Anatomy
Physiology
Hygiene and Practical demonstration
Hydrotherapy
Pathology
Massage
Health service management",yes,NA,yes,yes,yes,110,NA,NA,NA,NA,NA,NA,NA,NA,yes,yes,151,50.54609929,45496.03175,192748.9524,59566,1929268,4.7,86.4,3.1,1,2.4,0.1,11.1,563,12.20153551,25379.19386,748,68.72593583,142949.9465,217,29.52830189,61418.86792,184,12.81284916,26650.72626,717,15.36599721,31961.2742,476,13.43404506,27942.81373,230,13.84444444,28796.44444,628,15.60949841,32467.75669,460,16.57848101,34483.24051,310,21.50703181,44734.62617,337,54.24641991,112832.5534,766,38.99934726,84685.51664,310,15.83504839,44734.62617,104,53.36538462,111000,377,9,18720,75,18,37440,660,19.41099476,40374.86911,519,88.02938343,158423.5185,133,56.15044248,116792.9204,160,54.921875,114237.5,714,329,608,611,532,510,529,910,319,203,1094.284264,1472.770701,1245.583756
NV,Nevada,No,yes,NA,yes,yes,yes,yes,"550; One hundred twenty-five (125) hours of instruction in the body’s systems, including, without limitation, anatomy, physiology and kinesiology
Two hundred twenty (220) hours of instruction which is taken in a classroom setting with hands-on instruction in assessment, theory and application instruction, which must include not less than 80 hours in clinical instruction
Forty (40) hours of instruction in pathology
Twenty (20) hours of instruction in business
Twenty (20) hours of instruction in ethics and
One hundred twenty-five hours (125) of instruction in other courses of massage therapy in a classroom setting with hands-on instruction.",yes,NA,yes,yes,yes,185,295,NA,NA,NA,NA,NA,NA,NA,yes,yes,713,67.55399719,57568.02244,264014.6923,58646,3034392,9.2,63.4,5.1,1.5,8.2,0.6,29,739,12.83518268,26697.17997,751,61.7976032,128539.0146,543,39.85911602,82906.96133,661,18.27231467,38006.41452,752,16.99318484,35345.82447,758,19.00164908,39523.43008,599,16,33280,750,20.921,43515.68,726,20.05165289,41707.43802,578,19.0114087,39543.7301,167,49.20995077,102356.6976,758,55.80771768,92714.09763,578,19.3849481,39543.7301,590,56,116480,619,24.70504202,51386.48739,610,64.2295082,133597.377,503,17,35360,749,80.6481976,194855.7744,159,61,126880,64,62.5,130000,1468,698,1519,1392,1429,1426,1476,1522,1141,673,1319.242105,1997.062167,1597.472932
NH,New Hampshire,No,NA,NA,NA,NA,NA,NA,750;,yes,NA,yes,yes,yes,110,NA,NA,1,NA,NA,NA,NA,NA,yes,yes,407,34.37313433,52679.3131,227562.85,74991,1356458,1.7,92.4,2.2,0.3,2.7,0,3.9,728,11.78348214,24509.64286,754,77.38312334,160956.8966,369,52.11885246,108407.2131,555,15.61573146,32480.72144,753,17.31859894,36022.68579,700,15.18452143,31583.80457,548,18.86952555,39248.61314,716,21.47156425,44660.85363,640,21.40878906,44530.28125,423,25.07211042,52149.98968,449,63.55523814,132194.8953,768,41.95174479,99008.78841,423,14.62781324,52149.98968,147,58.1,120848,698,40.49763593,84235.08274,349,16.61792453,34565.28302,217,16.93092105,35216.31579,734,67.03678474,163882.9719,90,62.5,130000,95,62.5,130000,1043,405,1221,923,992,1116,932,1404,534,58,1826.314815,2541.678571,1988.990741
NJ,New Jersey,Yes; by Endorsement a massage therapist can also be licensed on the basis of current credentialing in another U.S. state; the other state must have educational requirements that are at least substantially similar to those of New Jersey. A candidate for license by endorsement will need to request credential verification from each U.S. jurisdiction where he or she has ever held licensure or certification.,yes,NA,yes,yes,yes,yes,"500; 90 hours of anatomy, physiology, pathophysiology
ethics and law
theory and practice
electives related to the practice of massage and bodywork therapy
and at least 100 hours of clinical practice under the supervision of a faculty member legally authorized to practice in the State in which the school exists. ",yes,NA,yes,yes,yes,120,NA,NA,1,NA,NA,NA,NA,yes,"yes; The course of study must be taken in a school accredited or approved by:

??the New Jersey Department of Education;
the New Jersey Department Labor and Workforce Development;
the New Jersey Commission on Higher Education;
or an agency of another state which substantially meets the requirements of the New Jersey Department of Education,
the New Jersey Department of Labor and Workforce Development; or
the New Jersey Commission on Higher Education.",yes,776,55.77496778,53090.20619,259979.7857,81740,8908520,13.6,66.9,2.8,0.2,9.7,0,20.6,767,13.80612777,28716.74576,749,49.47596796,102910.0134,731,35.97811218,74834.47332,707,25.17821782,52370.69307,759,18.48155468,38441.63373,755,19.11390728,39756.92715,737,26.56445047,55254.05699,753,19.7563081,41093.12085,747,53.3768407,111023.8286,748,48.19948774,100254.9345,718,49.08396588,102094.649,779,44.37227214,93968.35302,748,25.43382353,100254.9345,638,56.03074434,116543.9482,751,57.310253,119205.3262,763,40.01982307,83241.23198,322,16.94781145,35251.44781,761,66.17477004,208548.7681,642,53.91528239,112143.7874,602,53.50422297,111288.7838,1560,1411,1506,1502,1501,1504,1524,1516,1342,219,2782.716981,3812.236364,3010.45283
NM,New Mexico,"Yes; License by Credentials or endorsement
Massage therapists may be licensed by credential if they have met similar education and examination requirements in other jurisdictions; the requirements must be judged to be at least substantially equivalent to those of New Mexico (rld.state.nm.us / Massage Therapy Requirements and Continuing Education). ",yes,NA,yes,yes,NA,NA,"650; 165 hours of coursework in anatomy and physiology and other closely related disciplines. At least 40 of the required hours in this content strand are to be in pathology. Kinesiology is also to receive coverage.
At least 150 hours are to consist of massage therapy training; this is to include coverage of contraindications.
At least 75 hours are to be in content areas that the Board terms ""general instruction"". No fewer than 30 of the general instruction hours are to be in professional ethics. Also included in this content area are 1) first aid and 2) CPR/AED; the prospective massage therapist will need four hours in each. Hydrotherapy and business are both to receive coverage. Electives may be in any of the following: theory, hands-on modalities related to massage therapy, breathing and stretching, nutrition, herbology, homeopathy, and counseling. The student may also credit additional hours of anatomy and physiology or massage therapy. Up to 150 hours of practicum may be credited. Other elective topics may be credited, but will need Board approval.

Up to 150 hours of credit may be awarded for prior professional experience carried out under licensure or registration.",yes,NA,yes,yes,yes,75,125,NA,1,NA,NA,NA,2 years,NA,yes,yes,200,37.08333333,57000,180789.5641,47169,2095428,2.2,76.4,3.2,9.6,1.6,0.1,49.1,603,10.87067901,22611.01235,751,55.00998668,114420.7723,150,17.81034483,37045.51724,80,14,29120,630,15.41204874,32057.06137,550,15.78814815,32839.34815,193,13.99740933,29114.6114,652,14.03509213,29192.99162,511,20.84735812,43362.50489,289,23.27204438,48405.85232,445,53.39015774,111051.5281,774,45.4019509,94315.85917,289,14.30795848,48405.85232,79,59.77272727,124327.2727,469,29.25,60840,110,38.7,80496,447,28.3229638,58911.76471,681,86.41441997,219937.0227,145,62.5,130000,90,62.5,130000,767,305,848,739,640,697,648,1119,188,249,1079.57438,1520.353659,1216.644628
NY,New York,No,NA,NA,NA,NA,NA,NA,"1000; 150 in clinic, rest as: Complete coursework in anatomy, physiology, neurology, myology or kinesiology, pathology, hygiene, first aid, CPR, infection control procedures, the chemical ingredients of products that are used and their effects, as well as the theory, technique and practice of both oriental and western massage/bodywork therapy.","yes; NY state exam too, semiannual dates jan 3noth and aug 27th, with applications due by Nov yesst and June yesst for respective exam dates",NA,yes,yes,yes,108; 35 for limited permit if cannot take NY exam within 1 year,NA,NA,1,NA,NA,NA,NA,NA,yes,Yes; semiannual NY state exam also needs to be passes,561,48.84640221,47880.57041,637718.6485,67844,19542209,15.7,63.3,3.3,0.4,8.5,0,19.2,710,13.73778169,28574.58592,752,63.65890957,132410.5319,502,37.1185259,77206.53386,608,29.09041941,60508.07237,766,17.46556789,36328.3812,733,20.21551842,42048.27831,684,22.88596491,47602.80702,751,22.20106525,46178.21571,721,38.77149792,80644.71567,724,37.95520346,78946.8232,670,48.30318025,100470.6149,771,45.55431258,90274.67185,724,22.0980663,78946.8232,401,51.58701657,107300.9945,744,49.95469799,103905.7718,501,40.24428274,83708.10811,265,17.5,36400,757,66.31023778,205705.2992,308,52.30633803,108797.1831,314,54.94623656,114288.172,1524,775,1509,1476,1501,1501,1481,1509,1075,254,2885.779592,3566.39375,3204.671429
NC,North Carolina,"Yes; by endorsement massage therapists seeking a license to practice in North Carolina may apply for a regular license process or through the licensure by endorsement process. The requirements are almost identical, as you can see in the application instructions and checklist.  See https://www.bmbt.org/mtpages/license_by_endorsement.html",yes,NA,NA,NA,NA,NA,"500; The program must be at least 24 weeks in length. The curriculum must contain the following content at a minimum:
200 hours in fundamental theory and practice of massage and bodywork therapy. At least 100 hours of this must be in the application of hands-on methods. Also included in this 200-hour requirement is client assessment skills, indications and contraindications of treatment, body mechanics, draping procedures, infection control, and history of massage and bodywork. 100 hours of anatomy and physiology related to the practice of massage therapy, including instruction of common pathologies
15 hours of professional ethics and North Carolina laws and rules for the practice of massage and bodywork therapy
15 hours of business management practices
20 hours of psychological concepts including therapeutic relationships, and professional communication skills
150 hours in other related courses such as adjunct modalities, specific applications, additional hands-on techniques, or in-depth study of anatomy and physiology.
An official massage therapy school transcript must be submitted direct",yes,NA,yes,yes,yes,20,150,100,NA,NA,NA,24/2 years. This includes a minimum of 3 hours of ethics. A maximum of 6 hours of distance learning and 8 hours of business management can be taken. ,2 years; every Dec 31st,NA,yes,yes,657,43.2260274,70916.72026,166565.931,53855,10383620,21.4,68.4,2.9,1.2,3,0.1,9.6,685,11.48156934,23881.66423,749,61.68291055,128300.4539,533,25.56315789,53171.36842,672,12.98214286,27002.85714,754,21.32687003,44359.88966,723,14.89656293,30984.8509,664,16.16980422,33633.19277,732,15.33282104,31892.26776,705,26.88219858,55914.97305,549,21.30891006,44322.53293,681,50.82349451,105712.8686,767,44.00977836,83434.17536,549,15.96174863,44322.53293,384,48.37631579,100622.7368,673,45.05147059,93707.05882,596,28.94127517,60197.85235,401,15.67493523,32603.86528,758,62.08377309,189162.0211,372,57.28313253,119148.9157,326,57.66494845,119943.0928,1449,486,1509,1282,1439,1394,1462,1526,744,757,1219.139037,1828.327795,1475.175802
ND,North Dakota,Yes; by endorsement,yes,NA,yes,yes,yes,NA,"750; 505 supervised, 245 unsupervised; the 505 supervised: anatomy/physiology/kinesiology 150, pathology 40, clinic 175, massage theory 130, CPR/first aid 10, the 245 unsupervised: business 50, clinical 75, other massage modality courses 120",Yes; and a state jurisprudence exam,NA,yes,yes,yes,150,NA,200,1,NA,NA,"24/2 years, with 10 online at most and the 14 remaining in class",2,NA,yes,yes,70,49,42500,160193.5,63837,760077,3.4,85.7,2.3,5.4,1.8,0,3.6,502,11.21100664,23318.89381,754,51.25066313,106601.3793,95,19.63636364,40843.63636,333,13.73509934,28569.00662,658,18.87393468,39257.78414,494,15.93175,33138.04,110,12.68181818,26378.18182,496,15.15264317,31517.4978,438,14.87887324,30948.05634,103,50.44086538,104917,398,56.65576923,117844,760,45.48811842,105782.1672,103,12,104917,58,62.5,130000,362,44.68019868,92934.81325,55,17,35360,501,25.83386076,53734.43038,584,88.03583904,187104.6816,35,49.3,102544,15,62.5,130000,832,259,691,369,315,369,321,1014,136,177,1012.369048,1168,1080.595238
OH,Ohio,"Yes; by endorsement, if out of state licensed for last five years    https://med.ohio.gov/Apply/Massage-Therapist-MT",yes,NA,NA,NA,NA,NA,750;,yes,NA,yes,yes,yes,153.5,NA,100,NA,NA,NA,no,2,NA,yes,yes,582,31.63058419,44077.29041,102083.288,56111,11689442,12.4,81,3.1,0.2,2.3,0,3.9,728,11.86778846,24685,751,45.47936085,94597.07057,556,27.70471349,57625.80407,633,14.71662621,30610.58252,765,15.19254902,31600.50196,741,13.10695007,27262.45614,681,16.21732746,33732.04112,750,15.682,32618.56,680,19.96253676,41522.07647,590,25.77293326,53607.70118,510,52.48707721,109173.1206,766,33.88941906,83133.61722,590,15.52415254,53607.70118,334,22.95230263,47740.78947,702,36.28037383,75463.17757,488,31.73102679,66000.53571,208,17.84842657,37124.72727,763,73.00753604,192096.6776,225,33.89285714,70497.14286,313,34.81666667,72418.66667,1559,495,1509,1341,1452,1476,1422,1531,1083,403,1344.022843,1907.670732,1573.758883
OK,Oklahoma,Yes; by endorsement; 65 fee instead of 50 and proof of all other licenses in each state holding or had a massage therapy license ,yes,NA,NA,yes,yes,NA,500;,yes,NA,yes,yes,yes,NA,50; 65 for license by reciprocity,50,NA,NA,NA,16,2,yes,NA,yes,331,30.18987342,NA,109105.3529,51924,3943079,7.3,72.2,7.7,7.8,2.1,0.1,10.9,676,10.497,21833.76,753,40.65272244,84557.66268,407,19.30958231,40163.9312,287,14.77836879,30739.00709,729,15.90672154,33085.9808,631,15.73240589,32723.40426,561,14.0285205,29179.32264,730,14.60138356,30370.87781,589,18.91528014,39343.78268,509,21.63461538,45000,492,56.65576923,117844,770,30.98592857,65843.99805,509,16.33988212,45000,294,56,116480,555,49.89017341,103771.5607,380,28.77816901,59858.59155,406,17.33904867,36065.22124,717,99.96565551,123354.4919,284,54.6328125,113636.25,278,59.64285714,124057.1429,1195,464,1139,1058,1120,1076,1119,1396,793,366,917.8913649,1206.25784,1027.28273
OR,Oregon,"Yes; by endorsement, but $250 to review transcripts and had to be licensed out of state; The credentialing review and its additional $250 fee is only pertinent to those out of state applicants who have been legally practicing for many years and may not meet the traditional education requirement through certified class instruction. 
Upon completion of a credentialing review the Board may grant a license to applicants who are or have legally practiced massage and/or bodywork outside of the State of Oregon; after successful completion of the jurisprudence, and written examinations.
 
Official Transcripts or Certificates of Completion and Practical Work Experience must be documented on the Credentialing Review Application Addendum and Work Experience Verification Worksheet.
 
The applicant must provide transcripts for: 
200 Anatomy and Physiology, Pathology and Kinesiology hours /8 quarter credits/5.34 semester credits of this with 120 hours/4.8 quarter credits/3.2 semester credits minimum must be from certified class instruction with up to 80 contact hours of prior continuing education in subject areas may apply; and
300 hours/12 quarter credits/8 semester credits Massage Theory and Practical Application, Clinical Practice, Business Development, Sanitation, Communication and Ethics hours of this 140 hours/5.6 quarter credits/3.7 semester credits minimum must be from certified class instruction with up to 120 contact hours of prior continuing education in subject areas, up to 40 hours of practical work experience may apply, and;
125 hours/5 quarter credits/2.4 semester credits which may be in either Health Sciences, Massage or Bodywork Theory and practical application, Clinical Practice, Business Development, Communication, Ethics, Sanitation or Hydrotherapy. Of the 125 hours required, up to 75 contact hours of prior continuing education in subject areas may apply.
??",yes,NA,yes,yes,yes,NA,"625; The Board requires 625 hours/25 quarter credits/15.74 semester credits of education from an accredited or Department of Education approved school with the following:
The 625 hours/25 quarter credits/15.74 semester credits of education must include: 
A minimum of 200 hours/8 quarter credits/ 5.34 semester credits of health sciences, consisting of Anatomy and Physiology, Pathology, and Kinesiology; and 
A minimum of 300 hours/12 quarter credits/8 semester credits of Massage Theory and Practical Application, Clinical Practice, Business Development, Sanitation, Communication, and Ethics. 
The remaining 125 hours/5 quarter credits /2.4 semester credits required may be in any of the above subject areas",Yes; and a state jurisprudence exam,NA,4yes.5,yes,yes,100,"100 or 200 depends on birth year, odds renew again on odd years and evens renew on even years","100-200, odd birth years renew on odd years and even birth year renew on even years. If an applicant’s first renewal is less than 12 months from time of issuance, the Initial License Fee is $100.00. If the applicant’s first renewal is more than 12 months from date of issuance, the Initial License Fee is $200.00.",1,NA,3 moral character references,NA,NA,yes,yes,yes,437,37.19437939,48000,364129.8103,63426,4190713,2,83.9,4.7,1.2,4.6,0.4,13.3,723,14.39742047,29946.63458,752,69.92885638,145452.0213,422,35.46975806,73777.09677,447,17.84988688,37127.76471,761,17.37703679,36144.23653,726,17.55103306,36506.14876,384,20.18880208,41992.70833,736,19.12037364,39770.37717,661,24.00850983,49937.70045,450,23.03210269,47906.77358,482,52.23187191,108642.2936,770,40.45107143,105062.9786,450,18.31333333,47906.77358,319,52.26254125,108706.0858,639,38.657277,80407.13615,351,20.4284188,42491.11111,398,22.83877285,47504.64752,748,88.36631016,160917.0094,288,60.9496124,126775.1938,200,60.55555556,125955.5556,1433,805,1500,1010,1138,1412,1217,1505,804,330,1741.401869,2402.357143,2024.32243
PA,Pennsylvania,"Yes; by endorsement, or temporary permit, http://www.pacodeandbulletin.gov/Display/pacode?file=/secure/pacode/data/049/chapter20/s20.21.html&d=reduce   ",NA,NA,NA,yes,yes,NA,"600;Massage therapy programs must provide at least 600 hours of in-class, postsecondary education instruction, including:
   (1)  At least 175 contact hours of instruction in anatomy and physiology, kinesiology and pathology, including training in the human immunodeficiency virus and related risks.
   (2)  At least 250 contact hours in massage therapy and bodywork assessment, theory and practice including sanitation, safety and hygiene.
   (3)  At least 25 contact hours in professional ethics, and business and law related to a massage therapy business.
   (4)  At least 150 contact hours in related courses appropriate to a massage therapy curriculum as set forth in §  20.13 (related to required knowledge base), including cardiopulmonary resuscitation.
 (b)  Massage therapy programs may meet the 600-hour requirement through both didactic and clinical courses.
 (c)  Externship hours may not be included in the 600-hour minimum education instruction. For purposes of this section, an externship is an offsite practical technique learning experience where the student’s supervision is provided by a licensed massage therapist, supervisor or other appropriate licensed health professional.
 (d)  Hours for practicing assigned techniques under indirect supervision may not be included in the 600-hour minimum education instruction.

",yes,NA,yes,yes,yes,100; 65 for temp permit,NA,125 - 175; ,1,NA,NA,24,2,NA,NA,yes,525,37.83814286,46283.38279,172920.62,60905,12807060,11.2,80.1,2.6,0.2,3.6,0,7.6,713,10.62254558,22094.89481,754,85.44429708,177724.1379,525,26.53653846,55196,595,15.42268908,32079.19328,783,18.10420817,37656.753,750,16.86510667,35079.42187,622,15.89067524,33052.6045,744,15.93548387,33145.80645,647,27.56414219,57333.41577,613,22.11009565,45988.99895,533,51.23616052,106571.2139,789,40.12452471,75033.73764,613,15.20662007,45988.99895,281,61.93699187,128828.9431,664,43.00100569,89442.09184,402,24.88071237,51751.88172,268,17.34664179,36081.01493,758,81.62912269,153050.9679,241,46.77725118,97296.68246,241,42.80082988,89025.72614,1537,712,1458,1237,1411,1410,1380,1521,956,262,1948.909449,3096.483721,2426.675197
RI,Rhode Island,Yes,yes,NA,yes,yes,yes,NA,500;,yes,NA,yes,yes,yes,65,NA,37.5,1,NA,3 character letters,12,1,NA,yes,yes; score of at least 63no,671,42.32935917,44652.34084,252537.9,64340,1057315,6.7,80.7,3.1,0.4,3.4,0.1,15.9,748,12.7513369,26522.78075,750,69.65,144872,693,35.50775613,73856.13276,656,19.1097561,39748.29268,762,19.68569554,40946.24672,740,16.82331081,34992.48649,689,24.03483309,49992.45283,751,16.6855526,34705.9494,691,25.8552822,53778.98698,636,26.41866458,54950.82233,576,49.84003865,103667.2804,760,41.29934211,86878.45968,636,17.36556604,54950.82233,283,62.5,130000,724,49.51657459,102994.4751,615,19.5796748,40725.72358,207,17.08695652,35540.86957,754,127.237069,185151.4954,345,62.08823529,129143.5294,244,61.98770492,128934.4262,1381,720,1492,1401,1417,1491,1433,1516,1108,160,3012.709677,4413.23913,3755.36129
SC,South Carolina,Yes; by endorsement a school approved and licensing exam has to be reviewed by the South Carolina Board of Massage Therapy,yes,NA,NA,yes,yes,NA,500;,yes,NA,yes,yes,yes,50,100,NA,NA,NA,NA,12/2years,NA,NA,yes,yes,594,34.25342466,43806.85393,181933.1714,52306,5084127,26.6,67,2.4,0.5,1.6,0.1,5.8,719,10.61223922,22073.45758,758,53.7651715,111831.5567,588,26.93537415,56025.57823,658,12.86170213,26752.34043,752,17.95980718,37356.39894,712,15.91783708,33109.10112,638,23.80172414,49507.58621,744,15.19556452,31606.77419,668,26.26122754,54623.35329,610,19.36990858,40289.40984,491,55.03521463,114473.2464,767,40.94719687,69717.95372,610,12.2508547,40289.40984,237,58.8880597,122487.1642,693,48.59134615,101070,567,17.04893238,35461.77936,342,20.89484127,43461.26984,736,78.04076087,216441.9796,241,56.62796209,117786.1611,229,60.625,126100,1341,273,1414,1293,1317,1254,1267,1527,553,512,1272.96627,1746.421978,1486.877976
SD,South Dakota,"Yes; by endorsement, temporary permit 100 application fee and 50 temporary permit fee, 50 is refundable if denied application",yes,NA,yes,yes,yes,yes,"500; 125 anatomy/physiology/kinesiology, 40 pathology, 200 massage/bodywork theory/assessment/practice,10 business/professionalism, 6 ethics, 125 in any related massage modality, 200 hours must be supervised by instructor",NA,NA,yes,yes,yes,100,65,NA,NA,NA,NA,8/2 years,NA,yes,NA,NA,39,31.69655172,NA,164059.75,56274,882235,2.2,84,2.7,8.8,1.7,0,3.9,288,10.7610119,22382.90476,759,72.58300395,150972.6482,60,19,39520,145,12.75,26520,669,15.13943199,31490.01854,267,15.95290476,33182.0419,NA,NA,NA,364,14.25918462,29659.104,355,16.19720497,33690.18634,86,NA,NA,320,55.84806415,116163.9734,739,52.66453315,94670.66509,86,12.63934426,NA,44,62.5,130000,190,40.72038095,84698.39238,20,NA,NA,420,24.03210762,49986.78386,502,99.22199203,218562.7332,5,62.5,130000,10,56,116480,443,270,417,409,238,246,229,641,101,72,1013.882353,1209.166667,1064.007353
TN,Tennessee,No,yes,NA,NA,yes,yes,NA,"500; 200 hours Health Sciences, 200 hours Massage, 85 hours Allied Modalities, 10 hours Ethics, 5 hours TN Massage Law",yes,NA,yes,yes,yes,NA,275,NA,NA,12 weeks,"Yes, 2, anyone licensed in healthcare, doctor, nurse, dentist, and so on","24/2 years only 8 allowed online, TN law and ethics needed",2,NA,yes,yes,434,32.77995392,45668.31683,177130.2917,52375,6770010,16.8,77.3,2.2,0.3,1.8,0.1,5.5,722,12.18727839,25349.53906,754,74.82692308,155640,422,26.01289926,54106.83047,598,14.2111204,29559.13043,755,16.09900662,33485.93377,726,18.59331267,38674.09036,30,12.08333333,25133.33333,742,14.45687332,30070.2965,608,19.72532895,41028.68421,556,23.88935335,49689.85496,552,55.05150545,114507.1313,770,44.09188312,79113.44675,556,13.92491007,49689.85496,182,51.63580247,107402.4691,659,32,66560,432,19.53875969,40640.62016,255,14.6,30368,753,69.90549801,143809.7424,135,35,72800,70,62.5,130000,1294,434,1324,1068,1157,1049,1150,1516,476,455,1289.577528,1938.648649,1535.366292
TX,Texas,"Yes; by endorsement, States and Territories with Requirements Substantially Equivalent to Texas
Texas Massage Therapist License: Alabama, Arkansas, Delaware (500-hour program), District of Columbia, Georgia, Idaho, Kentucky, Louisiana, Michigan, Missouri, Nebraska, Nevada, New Hampshire, New Mexico, New York, North Dakota, Ohio, Oregon, Pennsylvania, South Dakota, Tennessee, Utah, Washington, West Virginia, and Wisconsin.
If you obtained your massage therapist license in one of these states, go here to apply for your Texas license.  https://www.tdlr.texas.gov/mas/masstate.htm
States and Territories Requiring Six Months of Licensure for Texas License Eligibility
Texas Massage Therapist License: Alaska, Arizona, California, Colorado, Connecticut, Delaware (300-hour program) Florida, Hawaii, Illinois, Indiana, Iowa, Maine, Maryland, Massachusetts, Mississippi, New Jersey, North Carolina, Oklahoma, Rhode Island, South Carolina and Virginia.
If you obtained your massage therapist license in one of these states, go here to apply for your Texas license.
Your six months of licensure will be confirmed by the letter of certification required from the state in which you are currently licensed (see #10 in the application instructions).",yes,NA,NA,yes,yes,yes,"500; 200 hours of massage therapy techniques and theory and the practice of manipulation of soft tissue,
with at least 125 hours of Swedish massage therapy techniques:
• 50 hours of anatomy:
• 25 hours of physiology:
• 50 hours of kinesiology:
• 40 hours of pathology:
• 20 hours of hydrotherapy:
• 45 hours of massage therapy laws and rules, business practices and professional ethics:
• 20 hours of health and hygiene, first aid, universal precautions, and cardiopulmonary resuscitation
(CPR);
• a 50-hour internship.",Yes; and a state jurisprudence exam,NA,yes,yes,yes,100,NA,NA,1,NA,NA,NA,NA,NA,NA,yes; and state juriprudence exam,533,33.71319312,51742.12963,195904.4832,60629,28701845,12.3,73.5,2.7,0.5,5,0.1,39.6,734,10.39100151,21613.28313,752,58.53590426,121754.6809,592,37.54123711,78085.7732,522,18.41954023,38312.64368,730,17.22383562,35825.57808,737,18.95736092,39431.31072,503,15.65854871,32569.78131,751,15.75246338,32765.12383,690,34.03165942,70785.85159,615,25.05066294,52105.37891,627,61.47100126,127859.6826,767,37.57496741,97260.32203,615,16.30833333,52105.37891,536,47.45152091,98699.1635,656,41.61533505,86559.89691,511,28.48336595,59245.40117,551,31.0477707,64579.36306,760,76.35296053,173118.829,523,50.4167471,104866.834,525,51.86666667,107882.6667,1326,1083,1408,1276,1364,1277,1357,1512,916,1045,1378.507722,2151.342133,1717.19305
UT,Utah,"Yes; by endorsement with similar paperwork to new applicants; https://le.utah.gov/xcode/Title58/Chapter1/58-1-S302.html?v=C58-1-S302_2020051220200512  Effective 5/12/2020
58-1-302.  License by endorsement.
(1)	Subject to Subsections (2), (3), (4), and (5), the division shall issue a license without examination to a person who has been licensed in a state, district, or territory of the United States if:
(a)	after being licensed outside of this state, the person has at least one year of experience in the state, district, or territory of the United States where the license was issued
(b)	the person's license is in good standing in the state, district, or territory of the United States where the license was issued; and
(c)	the division determines that the license issued by the state, district, or territory of the United States encompasses a similar scope of practice as the license sought in this state.
(2)	The division, in consultation with the applicable licensing board, may make rules in accordance with Title 63G, Chapter 3, Utah Administrative Rulemaking Act, prescribing the administration and requirements of this section.
(3)	Notwithstanding the provisions of Subsection (1), the division may refuse to issue a license to a person under the provisions of this section if:
(a)	the division determines that there is reasonable cause to believe that the person is not qualified to receive a license in this state; or
(b)	the person has a previous or pending disciplinary action related to the person's license.
(4)	Before a person may be issued a license under this section, the person shall:
(a)	pay a fee determined by the department under Section 63J-1-504; and
(b)	produce satisfactory evidence of the person's identity, qualifications, and good standing in the occupation or profession for which licensure is sought.
(5)	In accordance with Section 58-1-107, licensure endorsement provisions in this section are subject to and may be supplemented or altered by licensure endorsement provisions or multistate licensure compacts in specific chapters of this title.
(6)	On or before October 1, 2022, the division shall provide a written report to the Business and Labor Interim Committee regarding the effectiveness and sufficiency of the provisions of this section at ensuring that persons receiving a license without examination under the provisions of this section are qualified to receive a license in this state.",yes,NA,NA,yes,yes,yes,"600; complete 1000 hours as apprentice or 125 hours of anatomy, physiology and kinesiology
40 hours of pathology
285 hours of massage theory and techniques, including basic Swedish and hands-on instruction
35 hours of ethics, professional standards, and businesses practices
15 hours of sanitation, universal precautions, CPR and first aid
100 hours of student clinic",yes,NA,yes,yes,yes,95,60,52,NA,NA,NA,NA,"2, all expire May 31st of odd numbered years, Massage therapist application processing fee: $95
Massage apprentice application processing fee: $70
Licensing fee: $60
Renewal fee: $52",NA,yes,yes,566,39.59628975,38270.83333,319213.4516,71414,3161105,1.3,85.7,3.2,1.1,2.4,0.9,14.2,715,12.65020979,26312.43636,750,66.8,138944,481,32.54176683,67686.875,572,16.85314685,35054.54545,760,17.22483553,35827.65789,736,16.15608016,33604.64674,615,17.31463415,36014.43902,758,17.86114776,37151.18734,675,22.86777778,47564.97778,627,25.53581641,53114.49814,670,50.13144123,104273.3978,760,45.20873684,90500.75681,627,19.00797448,53114.49814,420,54.02048193,112362.6024,548,53.65740741,111607.4074,549,26.16984733,54433.28244,210,13.78947368,28682.10526,736,83.25339674,183015.822,164,46.19127517,96077.85235,130,54.28,112902.4,1511,837,1443,1168,1294,1222,1421,1517,762,232,1347.685841,2187.358586,1713.232301
VT,Vermont,NA,NA,NA,NA,NA,NA,NA,NA,NA,NA,NA,NA,NA,NA,NA,NA,NA,NA,NA,NA,NA,NA,NA,NA,130,41.61538462,NA,193815.5455,60782,626299,1.2,94.1,2,0.3,1.9,0,2,608,12.70230263,26420.78947,750,65.67733333,136608.8533,70,13,27040,250,21.02325581,43728.37209,744,17.00604839,35372.58065,667,14.54227886,30247.94003,653,17.45788668,36312.40429,631,16.33597464,33978.82726,461,28.30055556,58865.15556,130,20.19471154,42005,311,50.26962033,104560.8103,778,33.80976864,81030.87822,130,19.375,42005,87,60.38461538,125600,473,47.73026316,99278.94737,157,48.25704225,100374.6479,644,18.92330442,39360.47319,704,82.2643608,215301.1364,75,58.375,121420,49,62.5,130000,714,245,865,448,520,589,575,1074,110,20,1805.125,1825,1806.6875
VA,Virginia,Yes; by endorsement,yes,NA,NA,yes,yes,yes,500;,yes,NA,yes,yes,yes,140,NA,NA,NA,NA,NA,NA,NA,NA,yes,yes,695,30.80395683,42268.58045,252271.3699,72577,8517685,19.2,67.4,4.1,0.3,6.5,0.1,9.5,731,11.90526676,24762.95486,753,73.12549801,152101.0359,687,38.73799127,80575.02183,680,15.428125,32090.5,754,17.43774536,36270.51034,743,15.67936743,32613.08425,618,19.08075041,39687.96085,736,17.66634511,36745.99783,693,25.41197691,52856.91198,673,39.81085284,82806.57391,649,57.6395016,119890.1633,759,50.49868248,92073.5863,673,17.41699851,82806.57391,222,60.62740385,126105,687,60.59641256,126040.5381,578,36.16435986,75221.86851,414,16.97928994,35316.92308,748,87.51704545,208134.0862,459,58.18436754,121023.4845,455,59.06585366,122856.9756,1338,635,1503,1245,1287,1302,1326,1519,682,570,1695.432143,2641.004228,2067.159821
WA,Washington,"Yes; by endorsement, Licensing for out-of-state applicants
New rules for out-of-state applicants went into effect July 31, 2017 as follows:
WAC 246-830-035, Licensing for out-of-state applicants, allows for licensure by endorsement if the applicant holds a massage therapy license in good standing in another state, and the state’s education and training requirements are substantially equivalent to Washington State.

WAC 246-830-037, Transfer programs and transfer of prior education and clock hours, allows for licensure by educational endorsement if the applicant went to an out-of-state school, does not hold an out-of-state massage therapy license, and transferred credits to and successfully completed a board-approved transfer program.
",yes,NA,NA,NA,NA,NA,"500; completed in no less than six months and must consist of the following:
One hundred thirty hours of anatomy, physiology, and kinesiology with a minimum of 40 hours of kinesiology.
Fifty hours of pathology.
Two hundred sixty-five hours of theory and practice of massage. A maximum of 50 of these hours may include time spent in a student clinic.
Fifty-five hours of clinical/business practices.",yes,NA,yes,yes,yes,NA,NA,NA,1,NA,NA,24/2 years,NA,NA,yes,yes,668,36.82260479,63995.726,417702.8608,74073,7535591,3.9,74.8,6,1.3,8.8,0.7,12.9,722,14.92313019,31040.1108,752,69.74335106,145066.1702,619,33.47905282,69636.42987,711,17.47609001,36350.26723,764,18.74473168,38989.04188,738,22.87228997,47574.36314,300,14.9,30992,750,22.208,46192.64,724,30.06595304,62537.18232,699,43.25760587,89975.82021,668,58.2759619,121214.0007,773,47.31401035,116230.7885,699,24.75321888,89975.82021,610,53.26393443,110788.9836,655,43.00424682,89448.83339,603,29.36993243,61089.45946,296,16.59375,34515,765,80.17418301,190229.4118,495,56.18621399,116867.3251,468,55.96367521,116404.4444,1560,1305,1525,1454,1508,1500,1514,1510,1256,523,1960.596491,2995.952153,2360.323587
WV,West Virginia,"Yes; For application using Reciprocity, please provide us with a copy of your current license from the State where you practice along with copies of your current continuing education units (certificates) if licensed over two year and proof of the successful completion of the NCBTMB exam or MBLEx examination sent directly from the national organization.  http://www.wvmassage.org/faq.asp?show=q1#q1",yes,NA,NA,yes,yes,NA,500;,yes,NA,yes,yes,yes,50,300,200,NA,14 days,NA,24/2 years,2,NA,yes,yes,139,30.725,45316.4557,82370,44097,1805832,3.8,93,1.9,0.1,0.7,0,1.4,683,9.11182284,18952.59151,749,73.00734312,151855.2737,125,13.02272727,27087.27273,176,12.1043956,25177.14286,730,14.4705274,30098.69699,659,11.72389985,24385.71168,523,16.28011472,33862.63862,690,13.47144928,28020.61449,432,18.06788079,37581.19205,125,16.82692308,35000,322,55.16155712,114736.0388,772,41.94193005,64001.13199,125,12.61111111,35000,61,62.5,130000,403,62.5,130000,85,18.625,38740,612,22.26070764,46302.27188,678,74.06120944,212529.2212,85,22.25,46280,75,31.36363636,65236.36364,522,238,456,346,294,486,231,1265,299,31,956.7692308,1419.1,1052.269231
WI,Wisconsin,"Yes; stated as reciprocity, but the rules and checklist the same as the new applicants and must have same school hours of education, no mention of work history experience or having been licensed for so many months or years if under on hours. https://dsps.wi.gov/Credentialing/Health/fm2960.pdf  Also, with a 6 month temporary permit",yes,NA,NA,yes,yes,yes,600;,"yes, and a state jurisprudence exam with 85% score or better",NA,yes,yes,yes,75,"75, new applicants; 82, reciprocity applicants",62,1,NA,NA,NA,"2, every odd year on 2/28",yes,yes,"yes, and a state jurisprudence exam with 85% score or better",458,27.41169978,48273.3356,170618.9615,60773,5813568,6.4,85.3,2.5,0.9,2.8,0,6.9,706,10.88070113,22631.85836,757,73.25627477,152373.0515,507,20.89512712,43461.86441,361,14.42450142,30002.96296,766,16.98400783,35326.73629,716,15.27344274,31768.76089,736,23.36616848,48601.63043,727,15.96211142,33201.19175,654,19.53383028,40630.36697,487,24.44861068,50853.11021,516,55.28451243,114991.7859,760,34.47271711,68250.00658,487,13.48569915,50853.11021,263,44.27253219,92086.86695,628,34.77409091,72330.10909,216,27.65110497,57514.29834,335,23.22807018,48314.38596,734,85.42029973,144028.3086,210,50.66666667,105386.6667,150,60.19047619,125196.1905,1417,435,1319,843,1019,951,933,1515,592,291,1556.921986,1989.481013,1740.446809
WY,Wyoming,NA,NA,NA,NA,NA,NA,NA,NA,NA,NA,yes,yes,yes,NA,NA,NA,NA,NA,NA,NA,NA,NA,NA,NA,55,NA,NA,240742.7143,61584,577737,0.6,91.5,2.4,2.8,1,0.2,10,446,11.64506173,24221.7284,757,56.28137384,117065.2576,30,NA,NA,40,15.0625,31330,396,15.34457895,31916.72421,289,22.33815789,46463.36842,225,14.47727273,30112.72727,430,15.47286089,32183.55066,425,13.39789474,27867.62105,57,19.47115385,40500,375,55.18811154,114791.272,709,59.73465444,67420.88554,57,13.45945946,40500,45,62.5,130000,247,36.91836735,76790.20408,55,25,52000,415,21.92289157,45599.61446,501,87.97032934,172393.9105,10,62.5,130000,10,62.5,130000,260,177,321,184,138,188,193,565,68,31,805.1923077,1075.5,843.6730769
